,survival,pclass,sex,age,sibsp,parch,fare,embarked,class,who,adult_male,embark_town,alive,alone,family_size
0,0,3,male,-0.6365308428836322,1,0,-0.5113964075732208,S,Third,man,True,Southampton,no,False,1
1,1,1,female,0.8465950590621607,1,0,0.7033468357296242,C,First,woman,False,Cherbourg,yes,False,1
2,1,3,female,-0.2657493673971842,0,0,-0.49859132507349924,S,Third,woman,False,Southampton,yes,True,0
3,1,1,female,0.5685089524473245,1,0,0.35840067777823614,S,First,woman,False,Southampton,yes,False,1
4,0,3,male,0.5685089524473245,0,0,-0.4962200134994767,S,Third,man,True,Southampton,no,True,0
5,0,3,male,0.07714170739642288,0,0,-0.48847436137408967,Q,Third,man,True,Queenstown,no,True,0
6,0,1,male,2.3297209610079537,0,0,0.3349246931954133,S,First,man,True,Southampton,no,True,0
8,1,3,female,-0.1730539985255719,0,2,-0.4377282936900079,S,Third,woman,False,Southampton,yes,False,2
9,1,2,female,-1.3780937938565285,1,0,-0.07847459022559755,C,Second,child,False,Cherbourg,yes,False,1
10,1,3,female,-2.305047482572649,1,1,-0.332125252577119,S,Third,child,False,Southampton,yes,False,2
12,0,3,male,-0.8219215806268564,0,0,-0.4962200134994767,S,Third,man,True,Southampton,no,True,0
13,0,3,male,0.9392904279337725,1,5,-0.05563032304609427,S,Third,man,True,Southampton,no,False,6
14,0,3,female,-1.3780937938565285,0,0,-0.49993443594902565,S,Third,child,False,Southampton,no,True,0
17,1,2,male,0.07714170739642288,0,0,-0.40231607516818535,S,Second,man,True,Southampton,yes,True,0
18,0,3,female,0.19772747696087603,1,0,-0.3074636122072849,S,Third,woman,False,Southampton,no,False,1
19,1,3,female,0.07714170739642288,0,0,-0.5118706698880253,C,Third,woman,False,Cherbourg,yes,True,0
20,0,2,male,0.5685089524473245,0,0,-0.15569967146984418,S,Second,man,True,Southampton,no,True,0
21,1,2,male,0.47581358357571224,0,0,-0.40231607516818535,S,Second,man,True,Southampton,yes,True,0
22,1,3,female,-1.2853984249849166,0,0,-0.4966145997453941,Q,Third,child,False,Queenstown,yes,True,0
23,1,1,male,-0.08035862965395967,0,0,0.02452000815586669,S,First,man,True,Southampton,yes,True,0
24,0,3,female,-1.934266007086201,3,1,-0.24912934748633114,S,Third,child,False,Southampton,no,False,4
25,1,3,female,0.8465950590621607,1,5,-0.05349614262947397,S,Third,woman,False,Southampton,yes,False,6
26,0,3,male,0.07714170739642288,0,0,-0.5118706698880253,C,Third,man,True,Cherbourg,no,True,0
27,0,1,male,-0.9146169494984684,3,2,4.340307072876837,S,First,man,True,Southampton,no,False,5
28,1,3,female,0.07714170739642288,0,0,-0.4994601736342211,Q,Third,woman,False,Queenstown,yes,True,0
29,0,3,male,0.07714170739642288,0,0,-0.4991452634571909,S,Third,man,True,Southampton,no,True,0
30,0,1,male,1.0319857968053847,0,0,-0.1230552478172207,C,First,man,True,Cherbourg,no,True,0
31,1,1,female,0.07714170739642288,1,0,2.130639272133774,C,First,woman,False,Cherbourg,yes,False,1
32,1,3,female,0.07714170739642288,0,0,-0.5019111612771308,Q,Third,woman,False,Queenstown,yes,True,0
34,0,1,male,-0.08035862965395967,1,0,0.9098880738269851,C,First,man,True,Cherbourg,no,False,1
35,0,1,male,1.2173765345486087,1,0,0.3375331359268381,S,First,man,True,Southampton,no,False,1
36,1,3,male,0.07714170739642288,0,0,-0.5117909938191382,C,Third,man,True,Cherbourg,yes,True,0
37,0,3,male,-0.7292262117552444,0,0,-0.4962200134994767,S,Third,man,True,Southampton,no,True,0
38,0,3,female,-1.0073123183700805,2,0,-0.3074636122072849,S,Third,woman,False,Southampton,no,False,2
39,1,3,female,-1.3780937938565285,1,0,-0.43567189229301556,C,Third,child,False,Cherbourg,yes,False,1
40,0,3,female,1.0319857968053847,1,0,-0.4691870615556201,S,Third,woman,False,Southampton,no,False,1
41,0,2,female,-0.1730539985255719,1,0,-0.25055213443074464,S,Second,woman,False,Southampton,no,False,1
42,0,3,male,0.07714170739642288,0,0,-0.4991452634571909,C,Third,man,True,Cherbourg,no,True,0
43,1,2,female,-2.3977428514442614,1,2,0.13984542672224784,C,Second,child,False,Cherbourg,yes,False,3
44,1,3,female,-0.9146169494984684,0,0,-0.4994601736342211,Q,Third,woman,False,Queenstown,yes,True,0
45,0,3,male,0.07714170739642288,0,0,-0.4962200134994767,S,Third,man,True,Southampton,no,True,0
46,0,3,male,0.07714170739642288,1,0,-0.35488984368773513,Q,Third,man,True,Queenstown,no,False,1
48,0,3,male,0.07714170739642288,2,0,-0.23766737586213585,C,Third,man,True,Cherbourg,no,False,2
49,0,3,female,-1.0073123183700805,1,0,-0.3112577107257209,S,Third,woman,False,Southampton,no,False,1
50,0,3,male,-2.026961375957813,4,1,0.10395894588562071,S,Third,child,False,Southampton,no,False,5
51,0,3,male,-0.7292262117552444,0,0,-0.5009626366475217,S,Third,man,True,Southampton,no,True,0
52,1,1,female,1.8662441166498933,1,0,0.8066582413373778,C,First,woman,False,Cherbourg,yes,False,1
53,1,2,female,0.01233673921765206,1,0,-0.15569967146984418,S,Second,woman,False,Southampton,yes,False,1
55,1,1,male,0.07714170739642288,0,0,0.02452000815586669,S,First,man,True,Southampton,yes,True,0
56,1,2,female,-0.7292262117552444,0,0,-0.44974230664863557,S,Second,woman,False,Southampton,yes,True,0
57,0,3,male,-0.0340109452181538,0,0,-0.5117909938191382,C,Third,man,True,Cherbourg,no,True,0
58,1,2,female,-2.212352113701037,1,2,-0.12250130943352902,S,Second,child,False,Southampton,yes,False,3
59,0,3,male,-1.6561799004713649,5,2,0.24078362370671963,S,Third,child,False,Southampton,no,False,7
60,0,3,male,-0.6365308428836322,0,0,-0.5117909938191382,C,Third,man,True,Cherbourg,no,True,0
61,1,1,female,0.8465950590621607,0,0,0.8687069285078803,S,First,woman,False,Southampton,yes,True,0
62,0,1,male,1.4954626411634449,1,0,0.9346293902657061,S,First,man,True,Southampton,no,False,1
63,0,3,male,-2.305047482572649,3,2,-0.11965573554470205,S,Third,child,False,Southampton,no,False,5
64,0,1,male,0.07714170739642288,0,0,-0.1230552478172207,C,First,man,True,Cherbourg,no,True,0
65,1,3,male,0.07714170739642288,1,1,-0.3597121429046673,C,Third,man,True,Cherbourg,yes,False,2
66,1,2,female,0.01233673921765206,0,0,-0.44974230664863557,S,Second,woman,False,Southampton,yes,True,0
67,0,3,male,-0.9146169494984684,0,0,-0.4941655091517436,S,Third,man,True,Southampton,no,True,0
68,1,3,female,-1.1000076872416926,4,2,-0.49859132507349924,S,Third,woman,False,Southampton,yes,False,6
69,0,3,male,-0.2657493673971842,2,0,-0.4846005867867665,S,Third,man,True,Southampton,no,False,2
70,0,2,male,0.2904228458324883,0,0,-0.44974230664863557,S,Second,man,True,Southampton,no,True,0
71,0,3,female,-1.1927030561133045,5,2,0.24078362370671963,S,Third,woman,False,Southampton,no,False,7
72,0,2,male,-0.7292262117552444,0,0,0.7453987266587099,S,Second,man,True,Southampton,no,True,0
73,0,3,male,-0.2657493673971842,1,0,-0.374729184840637,C,Third,man,True,Cherbourg,no,False,1
74,1,3,male,0.2904228458324883,0,0,0.42282067652276134,S,Third,man,True,Southampton,yes,True,0
75,0,3,male,-0.35844473626879614,0,0,-0.5038082105363487,S,Third,man,True,Southampton,no,True,0
79,1,3,female,0.10503210808926432,0,0,-0.4122755837790799,S,Third,woman,False,Southampton,yes,True,0
80,0,3,male,-0.6365308428836322,0,0,-0.47819804553690565,S,Third,man,True,Southampton,no,True,0
81,1,3,male,0.01233673921765206,0,0,-0.46871279924081566,S,Third,man,True,Southampton,yes,True,0
82,1,3,female,0.07714170739642288,0,0,-0.501199767804924,Q,Third,woman,False,Queenstown,yes,True,0
83,0,1,male,-0.08035862965395967,0,0,0.24457772222515564,S,First,man,True,Southampton,no,True,0
84,1,2,female,-1.1000076872416926,0,0,-0.44974230664863557,S,Second,woman,False,Southampton,yes,True,0
85,1,3,female,0.3831182147041005,3,0,-0.3482501712804721,S,Third,woman,False,Southampton,yes,False,3
86,0,3,male,-1.1927030561133045,1,3,0.0031782039896640557,S,Third,man,True,Southampton,no,False,4
88,1,1,female,-0.5438354740120201,3,2,4.340307072876837,S,First,woman,False,Southampton,yes,False,5
89,0,3,male,-0.45114010514040814,0,0,-0.4962200134994767,S,Third,man,True,Southampton,no,True,0
90,0,3,male,0.01233673921765206,0,0,-0.4962200134994767,S,Third,man,True,Southampton,no,True,0
91,0,3,male,-0.8219215806268564,0,0,-0.49993443594902565,S,Third,man,True,Southampton,no,True,0
92,0,1,male,1.5881580100350572,1,0,0.5115874054600903,S,First,man,True,Southampton,no,False,1
93,0,3,male,-0.2657493673971842,1,2,-0.2586145937824212,S,Third,man,True,Southampton,no,False,3
97,1,1,male,-0.5438354740120201,0,1,0.5530056819365972,C,First,man,True,Cherbourg,yes,False,1
98,1,2,female,0.47581358357571224,0,1,-0.21261114924638444,S,Second,woman,False,Southampton,yes,False,1
99,0,2,male,0.47581358357571224,1,0,-0.15569967146984418,S,Second,man,True,Southampton,no,False,1
100,0,3,female,-0.08035862965395967,0,0,-0.4991452634571909,S,Third,woman,False,Southampton,no,True,0
102,0,1,male,-0.7292262117552444,0,1,0.8172494673515919,S,First,man,True,Southampton,no,False,1
103,0,3,male,0.3831182147041005,0,0,-0.48475804187528154,S,Third,man,True,Southampton,no,True,0
104,0,3,male,0.7538996901905485,2,0,-0.49859132507349924,S,Third,man,True,Southampton,no,False,2
105,0,3,male,-0.08035862965395967,0,0,-0.4991452634571909,S,Third,man,True,Southampton,no,True,0
106,1,3,female,-0.7292262117552444,0,0,-0.5038082105363487,S,Third,woman,False,Southampton,yes,True,0
107,1,3,male,0.07714170739642288,0,0,-0.5014368989623262,S,Third,man,True,Southampton,yes,True,0
108,0,3,male,0.8465950590621607,0,0,-0.4991452634571909,S,Third,man,True,Southampton,no,True,0
109,1,3,female,0.07714170739642288,1,0,-0.1907950827653774,Q,Third,woman,False,Queenstown,yes,False,1
110,0,1,male,1.6808533789066689,0,0,0.3375331359268381,S,First,man,True,Southampton,no,True,0
111,0,3,female,-1.3317461094207226,1,0,-0.374729184840637,C,Third,child,False,Cherbourg,no,False,1
112,0,3,male,-0.6365308428836322,0,0,-0.4962200134994767,S,Third,man,True,Southampton,no,True,0
113,0,3,female,-0.8219215806268564,1,0,-0.4625473891483571,S,Third,woman,False,Southampton,no,False,1
114,0,3,female,-1.1000076872416926,0,0,-0.37465140582100914,C,Third,woman,False,Cherbourg,no,True,0
115,0,3,male,-0.7292262117552444,0,0,-0.49859132507349924,S,Third,man,True,Southampton,no,True,0
117,0,2,male,0.01233673921765206,1,0,-0.25055213443074464,S,Second,man,True,Southampton,no,False,1
118,0,1,male,-0.45114010514040814,0,1,4.046659023943962,C,First,man,True,Cherbourg,no,False,1
120,0,2,male,-0.7292262117552444,2,0,0.7453987266587099,S,Second,man,True,Southampton,no,False,2
122,0,2,male,0.3367705302682942,1,0,-0.07847459022559755,C,Second,man,True,Cherbourg,no,False,1
123,1,2,female,0.3367705302682942,0,0,-0.40231607516818535,S,Second,woman,False,Southampton,yes,True,0
124,0,1,male,2.3297209610079537,0,1,0.8172494673515919,S,First,man,True,Southampton,no,False,1
125,1,3,male,-1.5634845315997528,1,0,-0.43567189229301556,C,Third,child,False,Cherbourg,yes,False,1
126,0,3,male,0.07714170739642288,0,0,-0.5019111612771308,Q,Third,man,True,Queenstown,no,True,0
127,1,3,male,-0.45114010514040814,0,0,-0.5134509119209539,S,Third,man,True,Southampton,yes,True,0
128,1,3,female,0.07714170739642288,1,1,-0.2247845143427864,C,Third,woman,False,Cherbourg,yes,False,2
129,0,3,male,1.4954626411634449,0,0,-0.5166132930360704,S,Third,man,True,Southampton,no,True,0
130,0,3,male,0.3831182147041005,0,0,-0.4991452634571909,C,Third,man,True,Cherbourg,no,True,0
131,0,3,male,-0.8219215806268564,0,0,-0.5151905060916568,S,Third,man,True,Southampton,no,True,0
132,0,3,female,1.6808533789066689,1,0,-0.37386033627991516,S,Third,woman,False,Southampton,no,False,1
134,0,2,male,-0.35844473626879614,0,0,-0.40231607516818535,S,Second,man,True,Southampton,no,True,0
135,0,2,male,-0.5438354740120201,0,0,-0.36350624142310334,C,Second,man,True,Cherbourg,no,True,0
136,1,1,female,-0.9146169494984684,0,2,-0.1503253309184796,S,First,woman,False,Southampton,yes,False,2
137,0,1,male,0.7538996901905485,1,0,0.35840067777823614,S,First,man,True,Southampton,no,False,1
138,0,3,male,-1.1927030561133045,0,0,-0.4740871397921803,S,Third,man,True,Southampton,no,True,0
139,0,1,male,-0.45114010514040814,0,0,0.8535305344341365,C,First,man,True,Cherbourg,no,True,0
140,0,3,female,0.07714170739642288,0,2,-0.3597121429046673,C,Third,woman,False,Cherbourg,no,False,2
141,1,3,female,-0.6365308428836322,0,0,-0.5019111612771308,S,Third,woman,False,Southampton,yes,True,0
142,1,3,female,-0.45114010514040814,1,0,-0.3482501712804721,S,Third,woman,False,Southampton,yes,False,1
143,0,3,male,-0.9146169494984684,0,0,-0.520881653869311,Q,Third,man,True,Queenstown,no,True,0
144,0,2,male,-1.0073123183700805,0,0,-0.4307718140564554,S,Second,man,True,Southampton,no,True,0
145,0,2,male,-0.9146169494984684,1,1,0.048233123896091724,S,Second,man,True,Southampton,no,False,2
146,1,3,male,-0.1730539985255719,0,0,-0.5010423127164089,S,Third,man,True,Southampton,yes,True,0
147,0,3,female,-1.841570638214589,2,2,0.0031782039896640557,S,Third,child,False,Southampton,no,False,4
148,0,2,male,0.7075520057547426,0,2,-0.15569967146984418,S,Second,man,True,Southampton,no,False,2
149,0,2,male,1.2173765345486087,0,0,-0.40231607516818535,S,Second,man,True,Southampton,no,True,0
150,0,2,male,2.0516348543931175,0,0,-0.4113270591494709,S,Second,man,True,Southampton,no,True,0
151,1,1,female,-0.6365308428836322,1,0,0.6145023277726671,S,First,woman,False,Southampton,yes,False,1
153,0,3,male,1.0783334812411907,0,2,-0.37386033627991516,S,Third,man,True,Southampton,no,False,2
154,0,3,male,0.07714170739642288,0,0,-0.5102107517862096,S,Third,man,True,Southampton,no,True,0
155,0,1,male,2.0516348543931175,0,1,0.5154611800474135,C,First,man,True,Cherbourg,no,False,1
156,1,3,female,-1.1927030561133045,0,0,-0.5022279685034202,Q,Third,woman,False,Queenstown,yes,True,0
157,0,3,male,0.10503210808926432,0,0,-0.4962200134994767,S,Third,man,True,Southampton,no,True,0
158,0,3,male,0.07714170739642288,0,0,-0.4846005867867665,S,Third,man,True,Southampton,no,True,0
159,0,3,male,0.07714170739642288,8,2,0.6704652809195987,S,Third,man,True,Southampton,no,False,10
160,0,3,male,1.4027672722918332,0,1,-0.343507548132427,S,Third,man,True,Southampton,no,False,1
161,1,2,female,1.0319857968053847,0,0,-0.3501472205396901,S,Second,woman,False,Southampton,yes,True,0
162,0,3,male,-0.2657493673971842,0,0,-0.5014368989623262,S,Third,man,True,Southampton,no,True,0
163,0,3,male,-1.1000076872416926,0,0,-0.4846005867867665,S,Third,man,True,Southampton,no,True,0
165,1,3,male,-1.841570638214589,0,2,-0.25956311841203017,S,Third,child,False,Southampton,yes,False,2
166,1,1,female,0.07714170739642288,0,1,0.3944446137033783,S,First,woman,False,Southampton,yes,False,1
167,0,3,female,1.4954626411634449,1,4,-0.11965573554470205,S,Third,woman,False,Southampton,no,False,5
168,0,1,male,0.07714170739642288,0,0,-0.15712245841425768,S,First,man,True,Southampton,no,True,0
169,0,3,male,-0.08035862965395967,0,0,0.42282067652276134,S,Third,man,True,Southampton,no,True,0
171,0,3,male,-2.305047482572649,4,1,-0.0964168821192814,Q,Third,child,False,Queenstown,no,False,5
175,0,3,male,-1.0073123183700805,1,1,-0.49993443594902565,S,Third,man,True,Southampton,no,False,2
176,0,3,male,0.07714170739642288,3,1,-0.16581663516925382,S,Third,man,True,Southampton,no,False,4
177,0,1,female,1.9589394855215052,0,0,-0.10424221031355574,C,First,woman,False,Cherbourg,no,True,0
178,0,2,male,0.10503210808926432,0,0,-0.40231607516818535,S,Second,man,True,Southampton,no,True,0
179,0,3,male,0.6612043213189363,0,0,-0.6489324788665265,S,Third,man,True,Southampton,no,True,0
180,0,3,female,0.07714170739642288,8,2,0.6704652809195987,S,Third,woman,False,Southampton,no,False,10
181,0,2,male,0.07714170739642288,0,0,-0.3634265653542161,C,Second,man,True,Cherbourg,no,True,0
182,0,3,male,-1.841570638214589,4,2,-0.05349614262947397,S,Third,child,False,Southampton,no,False,6
184,1,3,female,-2.305047482572649,0,2,-0.2311073795237601,S,Third,child,False,Southampton,yes,False,2
185,0,1,male,0.07714170739642288,0,0,0.29959215074247786,S,First,man,True,Southampton,no,True,0
186,1,3,female,0.07714170739642288,1,0,-0.35488984368773513,Q,Third,woman,False,Queenstown,yes,False,1
187,1,1,male,1.4954626411634449,0,0,-0.14526590054414515,S,First,man,True,Southampton,yes,True,0
188,0,3,male,1.0319857968053847,1,1,-0.35488984368773513,Q,Third,man,True,Queenstown,no,False,2
189,0,3,male,0.6612043213189363,0,0,-0.4991452634571909,S,Third,man,True,Southampton,no,True,0
190,1,2,female,0.2904228458324883,0,0,-0.40231607516818535,S,Second,woman,False,Southampton,yes,True,0
191,0,2,male,-0.9146169494984684,0,0,-0.40231607516818535,S,Second,man,True,Southampton,no,True,0
192,1,3,female,-0.9146169494984684,1,0,-0.49993443594902565,S,Third,woman,False,Southampton,yes,False,1
193,1,2,male,-2.3977428514442614,1,1,-0.15569967146984418,S,Second,child,False,Southampton,yes,False,2
194,1,1,female,1.4027672722918332,0,0,-0.1230552478172207,C,First,woman,False,Cherbourg,yes,True,0
197,0,3,male,1.2173765345486087,0,1,-0.48950066502332656,S,Third,man,True,Southampton,no,False,1
199,0,2,female,-0.45114010514040814,0,0,-0.40231607516818535,S,Second,woman,False,Southampton,no,True,0
200,0,3,male,-0.08035862965395967,0,0,-0.46871279924081566,S,Third,man,True,Southampton,no,True,0
202,0,3,male,0.47581358357571224,0,0,-0.5257039530862431,S,Third,man,True,Southampton,no,True,0
203,0,3,male,1.5418103255992508,0,0,-0.5118706698880253,C,Third,man,True,Cherbourg,no,True,0
204,1,3,male,-1.0073123183700805,0,0,-0.4962200134994767,S,Third,man,True,Southampton,yes,True,0
206,0,3,male,0.2904228458324883,1,0,-0.3482501712804721,S,Third,man,True,Southampton,no,False,1
207,1,3,male,-0.2657493673971842,0,0,-0.292524349290943,C,Third,man,True,Cherbourg,yes,True,0
208,1,3,female,-1.1927030561133045,0,0,-0.5019111612771308,Q,Third,woman,False,Queenstown,yes,True,0
209,1,1,male,1.0319857968053847,0,0,-0.06084720850894378,C,First,man,True,Cherbourg,yes,True,0
210,0,3,male,-0.45114010514040814,0,0,-0.5151905060916568,S,Third,man,True,Southampton,no,True,0
211,1,2,female,0.5685089524473245,0,0,-0.25055213443074464,S,Second,woman,False,Southampton,yes,True,0
212,0,3,male,-0.6365308428836322,0,0,-0.5113964075732208,S,Third,man,True,Southampton,no,True,0
214,0,3,male,0.07714170739642288,1,0,-0.5019111612771308,Q,Third,man,True,Queenstown,no,False,1
215,1,1,female,0.19772747696087603,1,0,1.4999500695126728,C,First,woman,False,Cherbourg,yes,False,1
216,1,3,female,-0.1730539985255719,0,0,-0.49859132507349924,S,Third,woman,False,Southampton,yes,True,0
217,0,2,male,1.2173765345486087,1,0,-0.13672917887766414,S,Second,man,True,Southampton,no,False,1
218,1,1,female,0.2904228458324883,0,0,0.7983586508282992,C,First,woman,False,Cherbourg,yes,True,0
219,0,2,male,0.10503210808926432,0,0,-0.44974230664863557,S,Second,man,True,Southampton,no,True,0
220,1,3,male,-1.1927030561133045,0,0,-0.4962200134994767,S,Third,man,True,Southampton,yes,True,0
221,0,2,male,-0.1730539985255719,0,0,-0.40231607516818535,S,Second,man,True,Southampton,no,True,0
222,0,3,male,2.0516348543931175,0,0,-0.4962200134994767,S,Third,man,True,Southampton,no,True,0
224,1,1,male,0.8465950590621607,1,0,1.0584118544296814,S,First,man,True,Southampton,yes,False,1
225,0,3,male,-0.6365308428836322,0,0,-0.4715583731296426,S,Third,man,True,Southampton,no,True,0
226,1,2,male,-0.9146169494984684,0,0,-0.44974230664863557,S,Second,man,True,Southampton,yes,True,0
227,0,3,male,-0.7755738961910502,0,0,-0.5113964075732208,S,Third,man,True,Southampton,no,True,0
228,0,2,male,-1.0073123183700805,0,0,-0.40231607516818535,S,Second,man,True,Southampton,no,True,0
229,0,3,female,0.07714170739642288,3,1,-0.16581663516925382,S,Third,woman,False,Southampton,no,False,4
230,1,1,female,0.5685089524473245,1,0,0.9346293902657061,S,First,woman,False,Southampton,yes,False,1
231,0,3,male,0.01233673921765206,0,0,-0.5014368989623262,S,Third,man,True,Southampton,no,True,0
233,1,3,female,-2.212352113701037,4,2,-0.05349614262947397,S,Third,child,False,Southampton,yes,False,6
234,0,2,male,-0.45114010514040814,0,0,-0.44974230664863557,S,Second,man,True,Southampton,no,True,0
235,0,3,female,0.07714170739642288,0,0,-0.5057052597955668,S,Third,woman,False,Southampton,no,True,0
236,0,2,male,1.4027672722918332,1,0,-0.15569967146984418,S,Second,man,True,Southampton,no,False,1
237,1,2,female,-1.934266007086201,0,2,-0.15095704832179918,S,Second,child,False,Southampton,yes,False,2
238,0,2,male,-0.9146169494984684,0,0,-0.44974230664863557,S,Second,man,True,Southampton,no,True,0
239,0,2,male,0.3831182147041005,0,0,-0.4160696822975159,S,Second,man,True,Southampton,no,True,0
240,0,3,female,0.07714170739642288,1,0,-0.374729184840637,C,Third,woman,False,Cherbourg,no,False,1
242,0,2,male,0.01233673921765206,0,0,-0.44974230664863557,S,Second,man,True,Southampton,no,True,0
243,0,3,male,-0.6365308428836322,0,0,-0.5137677191472433,S,Third,man,True,Southampton,no,True,0
244,0,3,male,0.10503210808926432,0,0,-0.5118706698880253,C,Third,man,True,Cherbourg,no,True,0
245,0,1,male,1.4027672722918332,2,0,1.0584118544296814,Q,First,man,True,Queenstown,no,False,2
246,0,3,female,-0.35844473626879614,0,0,-0.5014368989623262,S,Third,woman,False,Southampton,no,True,0
247,1,2,female,-0.45114010514040814,0,2,-0.37386033627991516,S,Second,woman,False,Southampton,yes,False,2
248,1,1,male,0.7538996901905485,1,1,0.34804658292142426,S,First,man,True,Southampton,yes,False,2
249,0,2,male,2.3297209610079537,1,0,-0.15569967146984418,S,Second,man,True,Southampton,no,False,1
250,0,3,male,0.07714170739642288,0,0,-0.5113964075732208,S,Third,man,True,Southampton,no,True,0
251,0,3,female,0.01233673921765206,1,1,-0.4504537001208423,S,Third,woman,False,Southampton,no,False,2
253,0,3,male,0.10503210808926432,1,0,-0.343507548132427,S,Third,man,True,Southampton,no,False,1
254,0,3,female,1.124681165676997,0,2,-0.2654913973470865,S,Third,woman,False,Southampton,no,False,2
255,1,3,female,0.01233673921765206,0,2,-0.3597121429046673,C,Third,woman,False,Cherbourg,yes,False,2
256,1,1,female,0.07714170739642288,0,0,0.8535305344341365,C,First,woman,False,Cherbourg,yes,True,0
257,1,1,female,0.10503210808926432,0,0,0.9920151303570511,S,First,woman,False,Southampton,yes,True,0
258,1,1,female,0.5685089524473245,0,0,9.070204814491024,C,First,woman,False,Cherbourg,yes,True,0
259,1,2,female,1.9589394855215052,0,1,-0.15569967146984418,S,Second,woman,False,Southampton,yes,False,1
261,1,3,male,-2.3977428514442614,4,2,-0.05349614262947397,S,Third,child,False,Southampton,yes,False,6
262,0,1,male,2.144330223264729,1,1,0.8620672561006175,S,First,man,True,Southampton,no,False,2
263,0,1,male,1.0319857968053847,0,0,-0.6489324788665265,S,First,man,True,Southampton,no,True,0
264,0,3,female,0.07714170739642288,0,0,-0.5019111612771308,Q,Third,woman,False,Queenstown,no,True,0
265,0,2,male,0.6612043213189363,0,0,-0.44974230664863557,S,Second,man,True,Southampton,no,True,0
266,0,3,male,-1.1927030561133045,4,1,0.10395894588562071,S,Third,man,True,Southampton,no,False,5
267,1,3,male,-0.35844473626879614,1,0,-0.5014368989623262,S,Third,man,True,Southampton,yes,False,1
269,1,1,female,0.5685089524473245,0,0,1.9240980340364124,S,First,woman,False,Southampton,yes,True,0
270,0,1,male,0.07714170739642288,0,0,-0.06084720850894378,S,First,man,True,Southampton,no,True,0
271,1,3,male,-0.35844473626879614,0,0,-0.6489324788665265,S,Third,man,True,Southampton,yes,True,0
272,1,2,female,1.124681165676997,0,1,-0.2790078733190147,S,Second,woman,False,Southampton,yes,False,1
273,0,1,male,0.7538996901905485,0,1,-0.08550884887877792,C,First,man,True,Cherbourg,no,False,1
276,0,3,female,1.4954626411634449,0,0,-0.5019111612771308,S,Third,woman,False,Southampton,no,True,0
277,0,2,male,0.07714170739642288,0,0,-0.6489324788665265,S,Second,man,True,Southampton,no,True,0
278,0,3,male,-2.026961375957813,4,1,-0.0964168821192814,Q,Third,child,False,Queenstown,no,False,5
279,1,3,female,0.5685089524473245,1,1,-0.2647800038748797,S,Third,woman,False,Southampton,yes,False,2
281,0,3,male,-0.08035862965395967,0,0,-0.49993443594902565,S,Third,man,True,Southampton,no,True,0
282,0,3,male,-1.1927030561133045,0,0,-0.46871279924081566,S,Third,man,True,Southampton,no,True,0
283,1,3,male,-0.9146169494984684,0,0,-0.4962200134994767,S,Third,man,True,Southampton,yes,True,0
284,0,1,male,0.07714170739642288,0,0,-0.15569967146984418,S,First,man,True,Southampton,no,True,0
285,0,3,male,0.3831182147041005,0,0,-0.4846005867867665,C,Third,man,True,Cherbourg,no,True,0
286,1,3,male,0.10503210808926432,0,0,-0.46871279924081566,S,Third,man,True,Southampton,yes,True,0
287,0,3,male,-0.6365308428836322,0,0,-0.4991452634571909,S,Third,man,True,Southampton,no,True,0
288,1,2,male,1.2173765345486087,0,0,-0.40231607516818535,S,Second,man,True,Southampton,yes,True,0
289,1,3,female,-0.6365308428836322,0,0,-0.5019111612771308,Q,Third,woman,False,Queenstown,yes,True,0
290,1,1,female,-0.2657493673971842,0,0,0.8468908620268731,S,First,woman,False,Southampton,yes,True,0
291,1,1,female,-0.9146169494984684,1,0,1.0788848100351622,C,First,woman,False,Cherbourg,yes,False,1
292,0,2,male,0.6612043213189363,0,0,-0.4046873867422079,C,Second,man,True,Cherbourg,no,True,0
293,0,3,female,-0.45114010514040814,0,0,-0.4810436194257327,S,Third,woman,False,Southampton,no,True,0
294,0,3,male,-0.45114010514040814,0,0,-0.4991452634571909,S,Third,man,True,Southampton,no,True,0
296,0,3,male,-0.49748778957621426,0,0,-0.5117909938191382,C,Third,man,True,Cherbourg,no,True,0
298,1,1,male,0.07714170739642288,0,0,-0.07033245480503383,S,First,man,True,Southampton,yes,True,0
299,1,1,female,1.9589394855215052,0,1,4.046659023943962,C,First,woman,False,Cherbourg,yes,False,1
301,1,3,male,0.07714170739642288,2,0,-0.20786852609833945,Q,Third,man,True,Queenstown,yes,False,2
302,0,3,male,-0.9146169494984684,0,0,-0.6489324788665265,S,Third,man,True,Southampton,no,True,0
303,1,2,female,0.07714170739642288,0,0,-0.4146468953531024,Q,Second,woman,False,Queenstown,yes,True,0
306,1,1,female,0.07714170739642288,0,0,1.4545783423799559,C,First,woman,False,Cherbourg,yes,True,0
307,1,1,female,-1.1000076872416926,1,0,1.416954164421885,C,First,woman,False,Cherbourg,yes,False,1
308,0,2,male,0.10503210808926432,1,0,-0.19364065665420438,C,Second,man,True,Cherbourg,no,False,1
309,1,1,female,0.10503210808926432,0,0,0.4310424880122122,C,First,woman,False,Cherbourg,yes,True,0
310,1,1,female,-0.45114010514040814,0,0,0.9286214352617628,C,First,woman,False,Cherbourg,yes,True,0
311,1,1,female,-1.0073123183700805,2,2,4.328450515006724,C,First,woman,False,Cherbourg,yes,False,4
312,0,2,female,-0.2657493673971842,1,1,-0.15569967146984418,S,Second,woman,False,Southampton,no,False,2
314,0,2,male,1.3100719034202208,1,1,-0.15095704832179918,S,Second,man,True,Southampton,no,False,2
315,1,3,female,-0.2657493673971842,0,0,-0.49993443594902565,S,Third,woman,False,Southampton,yes,True,0
316,1,2,female,-0.45114010514040814,1,0,-0.15569967146984418,S,Second,woman,False,Southampton,yes,False,1
317,0,2,male,2.3297209610079537,0,0,-0.38334558257600526,S,Second,man,True,Southampton,no,True,0
318,1,1,female,0.19772747696087603,0,2,2.4786700321806507,S,First,woman,False,Southampton,yes,False,2
319,1,1,female,1.0319857968053847,1,1,1.9025987747816955,C,First,woman,False,Cherbourg,yes,False,2
321,0,3,male,-0.1730539985255719,0,0,-0.4991452634571909,S,Third,man,True,Southampton,no,True,0
322,1,2,female,0.10503210808926432,0,0,-0.4146468953531024,Q,Second,woman,False,Queenstown,yes,True,0
323,1,2,female,-0.6365308428836322,1,1,-0.09878819369330392,S,Second,woman,False,Southampton,yes,False,2
325,1,1,female,0.6612043213189363,0,0,1.9240980340364124,C,First,woman,False,Cherbourg,yes,True,0
327,1,2,female,0.6612043213189363,0,0,-0.40231607516818535,S,Second,woman,False,Southampton,yes,True,0
328,1,3,female,0.19772747696087603,1,1,-0.25956311841203017,S,Third,woman,False,Southampton,yes,False,2
329,1,1,female,-1.1927030561133045,0,1,0.4509615052340012,C,First,woman,False,Cherbourg,yes,False,1
330,1,3,female,0.07714170739642288,2,0,-0.20786852609833945,Q,Third,woman,False,Queenstown,yes,False,2
331,0,1,male,1.5418103255992508,0,0,-0.10827343998939398,S,First,man,True,Southampton,no,True,0
332,0,1,male,0.8465950590621607,0,1,2.26232674056091,S,First,man,True,Southampton,no,False,1
333,0,3,male,-1.1927030561133045,2,0,-0.3074636122072849,S,Third,man,True,Southampton,no,False,2
334,1,1,female,0.07714170739642288,1,0,1.886473856078342,S,First,woman,False,Southampton,yes,False,1
336,0,1,male,0.01233673921765206,1,0,0.6145023277726671,S,First,man,True,Southampton,no,False,1
337,1,1,female,1.124681165676997,0,0,1.9025987747816955,C,First,woman,False,Cherbourg,yes,True,0
338,1,3,male,1.4954626411634449,0,0,-0.4962200134994767,S,Third,man,True,Southampton,yes,True,0
339,0,1,male,1.4954626411634449,0,0,0.02452000815586669,S,First,man,True,Southampton,no,True,0
341,1,1,female,-0.45114010514040814,3,2,4.340307072876837,S,First,woman,False,Southampton,yes,False,5
342,0,2,male,-0.08035862965395967,0,0,-0.40231607516818535,S,Second,man,True,Southampton,no,True,0
344,0,2,male,0.6612043213189363,0,0,-0.40231607516818535,S,Second,man,True,Southampton,no,True,0
345,1,2,female,-0.45114010514040814,0,0,-0.40231607516818535,S,Second,woman,False,Southampton,yes,True,0
346,1,2,female,1.0319857968053847,0,0,-0.40231607516818535,S,Second,woman,False,Southampton,yes,True,0
347,1,3,female,0.07714170739642288,1,0,-0.343507548132427,S,Third,woman,False,Southampton,yes,False,1
348,1,3,male,-2.3977428514442614,1,1,-0.3473016466508631,S,Third,child,False,Southampton,yes,False,2
349,0,3,male,1.2173765345486087,0,0,-0.4846005867867665,S,Third,man,True,Southampton,no,True,0
350,0,3,male,-0.5438354740120201,0,0,-0.47392968470366514,S,Third,man,True,Southampton,no,True,0
351,0,1,male,0.07714170739642288,0,0,0.015034761859776572,S,First,man,True,Southampton,no,True,0
352,0,3,male,-1.2853984249849166,1,1,-0.5117909938191382,C,Third,child,False,Cherbourg,no,False,2
353,0,3,male,-0.35844473626879614,1,0,-0.3112577107257209,S,Third,man,True,Southampton,no,False,1
356,1,1,female,-0.6365308428836322,0,1,0.3944446137033783,S,First,woman,False,Southampton,yes,False,1
357,0,2,female,0.8465950590621607,0,0,-0.40231607516818535,S,Second,woman,False,Southampton,no,True,0
360,0,3,male,1.0319857968053847,1,4,-0.11965573554470205,S,Third,man,True,Southampton,no,False,5
361,0,2,male,0.01233673921765206,1,0,-0.1230552478172207,C,Second,man,True,Cherbourg,no,False,1
362,0,3,female,1.4954626411634449,0,1,-0.374729184840637,C,Third,woman,False,Cherbourg,no,False,1
363,0,3,male,0.5685089524473245,0,0,-0.5151905060916568,S,Third,man,True,Southampton,no,True,0
365,0,3,male,0.10503210808926432,0,0,-0.5113964075732208,S,Third,man,True,Southampton,no,True,0
367,1,3,female,0.07714170739642288,0,0,-0.5117909938191382,C,Third,woman,False,Cherbourg,yes,True,0
369,1,1,female,-0.45114010514040814,0,0,0.6657226577715536,C,First,woman,False,Cherbourg,yes,True,0
370,1,1,male,-0.35844473626879614,1,0,0.40282388028134425,C,First,man,True,Cherbourg,yes,False,1
371,0,3,male,-1.0073123183700805,1,0,-0.5257039530862431,S,Third,man,True,Southampton,no,False,1
372,0,3,male,-0.9146169494984684,0,0,-0.4962200134994767,S,Third,man,True,Southampton,no,True,0
373,0,1,male,-0.6365308428836322,0,0,1.9240980340364124,C,First,man,True,Cherbourg,no,True,0
374,0,3,female,-2.3977428514442614,3,1,-0.24912934748633114,S,Third,child,False,Southampton,no,False,4
375,1,1,female,0.07714170739642288,1,0,0.9098880738269851,C,First,woman,False,Cherbourg,yes,False,1
376,1,3,female,-0.6365308428836322,0,0,-0.5113964075732208,S,Third,woman,False,Southampton,yes,True,0
377,0,1,male,-0.1730539985255719,0,2,3.3633267043795616,C,First,man,True,Cherbourg,no,False,2
378,0,3,male,-0.8219215806268564,0,0,-0.5728133773404038,C,Third,man,True,Cherbourg,no,True,0
379,0,3,male,-0.9146169494984684,0,0,-0.5014368989623262,S,Third,man,True,Southampton,no,True,0
380,1,1,female,1.2173765345486087,0,0,3.667328848169248,C,First,woman,False,Cherbourg,yes,True,0
382,0,3,male,0.2904228458324883,0,0,-0.49859132507349924,S,Third,man,True,Southampton,no,True,0
383,1,1,female,0.5685089524473245,1,0,0.3375331359268381,S,First,woman,False,Southampton,yes,False,1
385,0,2,male,-1.0073123183700805,0,0,0.7453987266587099,S,Second,man,True,Southampton,no,True,0
388,0,3,male,0.07714170739642288,0,0,-0.5023057475230481,Q,Third,man,True,Queenstown,no,True,0
389,1,2,female,-1.1000076872416926,0,0,-0.42128656776036544,C,Second,woman,False,Cherbourg,yes,True,0
390,1,1,male,0.6612043213189363,1,2,1.627526632195084,S,First,man,True,Southampton,yes,False,3
391,1,3,male,-0.7292262117552444,0,0,-0.5010423127164089,S,Third,man,True,Southampton,yes,True,0
392,0,3,male,-0.08035862965395967,2,0,-0.49859132507349924,S,Third,man,True,Southampton,no,False,2
393,1,1,female,-0.5438354740120201,1,0,1.4999500695126728,C,First,woman,False,Cherbourg,yes,False,1
394,1,3,female,-0.45114010514040814,0,2,-0.332125252577119,S,Third,woman,False,Southampton,yes,False,2
395,0,3,male,-0.6365308428836322,0,0,-0.5010423127164089,S,Third,man,True,Southampton,no,True,0
396,0,3,female,0.19772747696087603,0,0,-0.49993443594902565,S,Third,woman,False,Southampton,no,True,0
397,0,2,male,1.5881580100350572,0,0,-0.15569967146984418,S,Second,man,True,Southampton,no,True,0
398,0,2,male,-0.5438354740120201,0,0,-0.44974230664863557,S,Second,man,True,Southampton,no,True,0
399,1,2,female,-0.08035862965395967,0,0,-0.40895574757544834,S,Second,woman,False,Southampton,yes,True,0
400,1,3,male,0.9392904279337725,0,0,-0.49859132507349924,S,Third,man,True,Southampton,yes,True,0
401,0,3,male,-0.2657493673971842,0,0,-0.4962200134994767,S,Third,man,True,Southampton,no,True,0
402,0,3,female,-0.7292262117552444,1,0,-0.4625473891483571,S,Third,woman,False,Southampton,no,False,1
403,0,3,male,-0.08035862965395967,1,0,-0.3482501712804721,S,Third,man,True,Southampton,no,False,1
404,0,3,female,-0.8219215806268564,0,0,-0.4846005867867665,S,Third,woman,False,Southampton,no,True,0
405,0,2,male,0.47581358357571224,1,0,-0.25055213443074464,S,Second,man,True,Southampton,no,False,1
406,0,3,male,2.0516348543931175,0,0,-0.5019111612771308,S,Third,man,True,Southampton,no,True,0
407,1,2,male,-2.3977428514442614,1,1,-0.29323574276314984,S,Second,child,False,Southampton,yes,False,2
408,0,3,male,-0.7292262117552444,0,0,-0.5014368989623262,S,Third,man,True,Southampton,no,True,0
411,0,3,male,0.07714170739642288,0,0,-0.5188271495215777,Q,Third,man,True,Queenstown,no,True,0
412,1,1,female,0.3831182147041005,1,0,1.0584118544296814,Q,First,woman,False,Queenstown,yes,False,1
414,1,3,male,1.4027672722918332,0,0,-0.49859132507349924,S,Third,man,True,Southampton,yes,True,0
415,0,3,female,0.07714170739642288,0,0,-0.4962200134994767,S,Third,woman,False,Southampton,no,True,0
416,1,2,female,0.47581358357571224,1,1,-0.03239146962067362,S,Second,woman,False,Southampton,yes,False,2
417,1,2,female,-1.0073123183700805,0,2,-0.40231607516818535,S,Second,woman,False,Southampton,yes,False,2
419,0,3,female,-1.7488752693429768,0,2,-0.1907950827653774,S,Third,child,False,Southampton,no,False,2
421,0,3,male,-0.7292262117552444,0,0,-0.5022279685034202,Q,Third,man,True,Queenstown,no,True,0
422,0,3,male,0.01233673921765206,0,0,-0.4995398497031083,S,Third,man,True,Southampton,no,True,0
423,0,3,female,-0.08035862965395967,1,1,-0.3757573855391332,S,Third,woman,False,Southampton,no,False,2
424,0,3,male,-1.0073123183700805,1,1,-0.2654913973470865,S,Third,man,True,Southampton,no,False,2
426,1,2,female,-0.08035862965395967,1,0,-0.15569967146984418,S,Second,woman,False,Southampton,yes,False,1
427,1,2,female,-0.9146169494984684,0,0,-0.15569967146984418,S,Second,woman,False,Southampton,yes,True,0
429,1,3,male,0.2904228458324883,0,0,-0.4962200134994767,S,Third,man,True,Southampton,yes,True,0
430,1,1,male,-0.08035862965395967,0,0,-0.14526590054414515,S,First,man,True,Southampton,yes,True,0
432,1,2,female,1.2173765345486087,1,0,-0.15569967146984418,S,Second,woman,False,Southampton,yes,False,1
433,0,3,male,-1.1000076872416926,0,0,-0.5137677191472433,S,Third,man,True,Southampton,no,True,0
434,0,1,male,1.9589394855215052,1,0,0.4115180570363403,S,First,man,True,Southampton,no,False,1
435,1,1,female,-1.3780937938565285,1,2,1.627526632195084,S,First,child,False,Southampton,yes,False,3
436,0,3,female,-0.7292262117552444,2,2,0.0031782039896640557,S,Third,woman,False,Southampton,no,False,4
437,1,2,female,-0.45114010514040814,2,3,-0.29323574276314984,S,Second,woman,False,Southampton,yes,False,5
439,0,2,male,0.19772747696087603,0,0,-0.44974230664863557,S,Second,man,True,Southampton,no,True,0
440,1,2,female,1.4954626411634449,1,1,-0.15095704832179918,S,Second,woman,False,Southampton,yes,False,2
441,0,3,male,-0.8219215806268564,0,0,-0.46871279924081566,S,Third,man,True,Southampton,no,True,0
442,0,3,male,-0.35844473626879614,1,0,-0.5014368989623262,S,Third,man,True,Southampton,no,False,1
443,1,2,female,-0.08035862965395967,0,0,-0.40231607516818535,S,Second,woman,False,Southampton,yes,True,0
444,1,3,male,0.07714170739642288,0,0,-0.4950343577124655,S,Third,man,True,Southampton,yes,True,0
445,1,1,male,-2.305047482572649,0,2,0.9039597948919286,S,First,child,False,Southampton,yes,False,2
446,1,2,female,-1.4707891627281409,0,1,-0.2790078733190147,S,Second,child,False,Southampton,yes,False,1
447,1,1,male,0.47581358357571224,0,0,-0.14526590054414515,S,First,man,True,Southampton,yes,True,0
448,1,3,female,-2.212352113701037,2,1,-0.28359304137854474,C,Third,child,False,Cherbourg,yes,False,3
449,1,1,male,2.144330223264729,0,0,-0.07033245480503383,S,First,man,True,Southampton,yes,True,0
450,0,2,male,0.6612043213189363,1,2,-0.12250130943352902,S,Second,man,True,Southampton,no,False,3
451,0,3,male,0.07714170739642288,1,0,-0.2701543444262443,S,Third,man,True,Southampton,no,False,1
452,0,1,male,0.10503210808926432,0,0,-0.12250130943352902,C,First,man,True,Cherbourg,no,True,0
453,1,1,male,1.8662441166498933,1,0,1.0414180871656065,C,First,man,True,Cherbourg,yes,False,1
455,1,3,male,0.01233673921765206,0,0,-0.4991452634571909,C,Third,man,True,Cherbourg,yes,True,0
457,1,1,female,0.07714170739642288,1,0,0.3349246931954133,S,First,woman,False,Southampton,yes,False,1
458,1,2,female,1.9589394855215052,0,0,-0.44974230664863557,S,Second,woman,False,Southampton,yes,True,0
460,1,1,male,1.7735487477782812,0,0,-0.14526590054414515,S,First,man,True,Southampton,yes,True,0
461,0,3,male,0.47581358357571224,0,0,-0.4962200134994767,S,Third,man,True,Southampton,no,True,0
462,0,1,male,1.6808533789066689,0,0,0.08143148593240687,S,First,man,True,Southampton,no,True,0
463,0,2,male,1.7735487477782812,0,0,-0.40231607516818535,S,Second,man,True,Southampton,no,True,0
465,0,3,male,0.8465950590621607,0,0,-0.5151905060916568,S,Third,man,True,Southampton,no,True,0
468,0,3,male,0.07714170739642288,0,0,-0.5023854235919353,Q,Third,man,True,Queenstown,no,True,0
471,0,3,male,0.8465950590621607,0,0,-0.4846005867867665,S,Third,man,True,Southampton,no,True,0
472,1,2,female,0.3831182147041005,1,2,-0.12250130943352902,S,Second,woman,False,Southampton,yes,False,3
473,1,2,female,-0.5438354740120201,0,0,-0.38729713618295636,C,Second,woman,False,Cherbourg,yes,True,0
474,0,3,female,-0.6365308428836322,0,0,-0.4623102579909548,S,Third,woman,False,Southampton,no,True,0
475,0,1,male,0.07714170739642288,0,0,0.3375331359268381,S,First,man,True,Southampton,no,True,0
477,0,3,male,0.01233673921765206,1,0,-0.515270182160544,S,Third,man,True,Southampton,no,False,1
478,0,3,male,-0.6365308428836322,0,0,-0.5062591981792585,S,Third,man,True,Southampton,no,True,0
480,0,3,male,-1.841570638214589,5,2,0.24078362370671963,S,Third,child,False,Southampton,no,False,7
482,0,3,male,1.9589394855215052,0,0,-0.4962200134994767,S,Third,man,True,Southampton,no,True,0
484,1,1,male,-0.35844473626879614,1,0,1.0788848100351622,C,First,man,True,Cherbourg,yes,False,1
486,1,1,female,0.5685089524473245,1,0,1.0584118544296814,S,First,woman,False,Southampton,yes,False,1
489,1,3,male,-1.841570638214589,1,1,-0.3473016466508631,S,Third,child,False,Southampton,yes,False,2
491,0,3,male,-0.7292262117552444,0,0,-0.5113964075732208,S,Third,man,True,Southampton,no,True,0
495,0,3,male,0.07714170739642288,0,0,-0.37465140582100914,C,Third,man,True,Cherbourg,no,True,0
496,1,1,female,2.3297209610079537,1,0,0.8358253736978548,C,First,woman,False,Cherbourg,yes,False,1
497,0,3,male,0.07714170739642288,0,0,-0.3624780407246072,S,Third,man,True,Southampton,no,True,0
498,0,1,female,-0.35844473626879614,1,2,2.226045673478366,S,First,woman,False,Southampton,no,False,3
499,0,3,male,-0.45114010514040814,0,0,-0.5010423127164089,S,Third,man,True,Southampton,no,True,0
501,0,3,female,-0.7292262117552444,0,0,-0.5019111612771308,Q,Third,woman,False,Queenstown,no,True,0
502,0,3,female,0.07714170739642288,0,0,-0.5042027967822662,Q,Third,woman,False,Queenstown,no,True,0
503,0,3,female,0.7538996901905485,0,0,-0.46705288113899984,S,Third,woman,False,Southampton,no,True,0
504,1,1,female,-1.1927030561133045,0,0,0.9920151303570511,S,First,woman,False,Southampton,yes,True,0
505,0,1,male,-1.0073123183700805,1,0,1.416954164421885,C,First,man,True,Cherbourg,no,False,1
506,1,2,female,0.3831182147041005,0,2,-0.15569967146984418,S,Second,woman,False,Southampton,yes,False,2
507,1,1,male,0.07714170739642288,0,0,-0.14526590054414515,S,First,man,True,Southampton,yes,True,0
508,0,3,male,-0.08035862965395967,0,0,-0.22162213322767002,S,Third,man,True,Southampton,no,True,0
509,1,3,male,-0.2657493673971842,0,0,0.42282067652276134,S,Third,man,True,Southampton,yes,True,0
510,1,3,male,0.01233673921765206,0,0,-0.5019111612771308,Q,Third,man,True,Queenstown,yes,True,0
512,1,1,male,0.6612043213189363,0,0,-0.15024565484959237,S,First,man,True,Southampton,yes,True,0
513,1,1,female,2.3297209610079537,1,0,0.4779147811089706,C,First,woman,False,Cherbourg,yes,False,1
514,0,3,male,-0.45114010514040814,0,0,-0.506733460494063,S,Third,man,True,Southampton,no,True,0
515,0,1,male,1.6808533789066689,0,0,-0.003541144486486104,S,First,man,True,Southampton,no,True,0
516,1,2,female,0.47581358357571224,0,0,-0.44974230664863557,S,Second,woman,False,Southampton,yes,True,0
517,0,3,male,0.07714170739642288,0,0,-0.1907950827653774,Q,Third,man,True,Queenstown,no,True,0
518,1,2,female,0.6612043213189363,1,0,-0.15569967146984418,S,Second,woman,False,Southampton,yes,False,1
519,0,3,male,0.2904228458324883,0,0,-0.4991452634571909,S,Third,man,True,Southampton,no,True,0
520,1,1,female,0.10503210808926432,0,0,1.1248085785023116,S,First,woman,False,Southampton,yes,True,0
523,1,1,female,1.4027672722918332,0,1,0.4509615052340012,C,First,woman,False,Cherbourg,yes,False,1
524,0,3,male,0.07714170739642288,0,0,-0.5117909938191382,C,Third,man,True,Cherbourg,no,True,0
525,0,3,male,1.0783334812411907,0,0,-0.5019111612771308,Q,Third,man,True,Queenstown,no,True,0
527,0,1,male,0.07714170739642288,0,0,3.5583281918330996,S,First,man,True,Southampton,no,True,0
528,0,3,male,0.9392904279337725,0,0,-0.49859132507349924,S,Third,man,True,Southampton,no,True,0
529,0,2,male,-0.5438354740120201,2,1,-0.4307718140564554,S,Second,man,True,Southampton,no,False,3
532,0,3,male,-1.1000076872416926,1,1,-0.5117909938191382,C,Third,man,True,Cherbourg,no,False,2
533,1,3,female,0.07714170739642288,0,2,-0.2247845143427864,C,Third,woman,False,Cherbourg,yes,False,2
534,0,3,female,0.10503210808926432,0,0,-0.4846005867867665,S,Third,woman,False,Southampton,no,True,0
535,1,2,female,-2.026961375957813,0,2,-0.15095704832179918,S,Second,child,False,Southampton,yes,False,2
536,0,1,male,1.4954626411634449,0,0,-0.14526590054414515,S,First,man,True,Southampton,no,True,0
537,1,1,female,0.10503210808926432,0,0,1.3700021952562391,C,First,woman,False,Cherbourg,yes,True,0
538,0,3,male,0.07714170739642288,0,0,-0.37386033627991516,S,Third,man,True,Southampton,no,True,0
539,1,1,female,-0.6365308428836322,0,2,0.2901069044463879,C,First,woman,False,Cherbourg,yes,False,2
540,1,1,female,0.6612043213189363,0,2,0.6979724951782599,S,First,woman,False,Southampton,yes,False,2
541,0,3,female,-1.841570638214589,4,2,-0.05563032304609427,S,Third,child,False,Southampton,no,False,6
542,0,3,female,-1.6561799004713649,4,2,-0.05563032304609427,S,Third,child,False,Southampton,no,False,6
543,1,2,male,0.2904228458324883,1,0,-0.15569967146984418,S,Second,man,True,Southampton,yes,False,1
544,0,1,male,1.9589394855215052,1,0,1.3700021952562391,C,First,man,True,Cherbourg,no,False,1
546,1,2,female,-0.9146169494984684,1,0,-0.15569967146984418,S,Second,woman,False,Southampton,yes,False,1
547,1,2,male,0.07714170739642288,0,0,-0.38595402530743,C,Second,man,True,Cherbourg,yes,True,0
548,0,3,male,0.3831182147041005,1,1,-0.25956311841203017,S,Third,man,True,Southampton,no,False,2
549,1,2,male,-1.934266007086201,1,1,0.048233123896091724,S,Second,child,False,Southampton,yes,False,2
550,1,1,male,-1.1000076872416926,0,2,1.4545783423799559,C,First,man,True,Cherbourg,yes,False,2
551,0,2,male,-0.1730539985255719,0,0,-0.15569967146984418,S,Second,man,True,Southampton,no,True,0
552,0,3,male,0.07714170739642288,0,0,-0.5004086982638302,Q,Third,man,True,Queenstown,no,True,0
553,1,3,male,-0.6365308428836322,0,0,-0.5118706698880253,C,Third,man,True,Cherbourg,yes,True,0
554,1,3,female,-0.6365308428836322,0,0,-0.5014368989623262,S,Third,woman,False,Southampton,yes,True,0
556,1,1,female,1.7735487477782812,1,0,0.10229902778380506,C,First,woman,False,Cherbourg,yes,False,1
557,0,1,male,0.07714170739642288,0,0,3.667328848169248,C,First,man,True,Cherbourg,no,True,0
558,1,1,female,0.9392904279337725,1,1,0.8620672561006175,S,First,woman,False,Southampton,yes,False,2
559,1,3,female,0.6612043213189363,1,0,-0.318845907762593,S,Third,woman,False,Southampton,yes,False,1
561,0,3,male,1.0319857968053847,0,0,-0.4991452634571909,S,Third,man,True,Southampton,no,True,0
562,0,2,male,-0.08035862965395967,0,0,-0.3928308288720953,S,Second,man,True,Southampton,no,True,0
565,0,3,male,-0.45114010514040814,2,0,-0.1907950827653774,S,Third,man,True,Southampton,no,False,2
566,0,3,male,-0.9146169494984684,0,0,-0.4991452634571909,S,Third,man,True,Southampton,no,True,0
567,0,3,female,0.01233673921765206,0,4,-0.24912934748633114,S,Third,woman,False,Southampton,no,False,4
569,1,3,male,0.2904228458324883,0,0,-0.49993443594902565,S,Third,man,True,Southampton,yes,True,0
571,1,1,female,2.237025592136342,2,0,0.3276533033848307,S,First,woman,False,Southampton,yes,False,2
572,1,1,male,0.6612043213189363,0,0,-0.14834860559037444,S,First,man,True,Southampton,yes,True,0
574,0,3,male,-1.1927030561133045,0,0,-0.4962200134994767,S,Third,man,True,Southampton,no,True,0
575,0,3,male,-0.9146169494984684,0,0,-0.37386033627991516,S,Third,man,True,Southampton,no,True,0
576,1,2,female,0.47581358357571224,0,0,-0.40231607516818535,S,Second,woman,False,Southampton,yes,True,0
577,1,1,female,0.9392904279337725,1,0,0.4115180570363403,S,First,woman,False,Southampton,yes,False,1
578,0,3,female,0.07714170739642288,1,0,-0.37465140582100914,C,Third,woman,False,Cherbourg,no,False,1
579,1,3,male,0.2904228458324883,0,0,-0.49859132507349924,S,Third,man,True,Southampton,yes,True,0
580,1,2,female,-0.35844473626879614,1,1,-0.07981770110112382,S,Second,woman,False,Southampton,yes,False,2
581,1,1,female,0.9392904279337725,1,1,1.4545783423799559,C,First,woman,False,Cherbourg,yes,False,2
582,0,2,male,2.3297209610079537,0,0,-0.15569967146984418,S,Second,man,True,Southampton,no,True,0
583,0,1,male,0.6612043213189363,0,0,0.1122585363946995,C,First,man,True,Cherbourg,no,True,0
584,0,3,male,0.07714170739642288,0,0,-0.48365206215715745,C,Third,man,True,Cherbourg,no,True,0
585,1,1,female,-1.0073123183700805,0,2,0.8620672561006175,S,First,woman,False,Southampton,yes,False,2
586,0,2,male,1.6808533789066689,0,0,-0.3643750899838251,S,Second,man,True,Southampton,no,True,0
590,0,3,male,0.5685089524473245,0,0,-0.5137677191472433,S,Third,man,True,Southampton,no,True,0
591,1,1,female,2.144330223264729,1,0,0.8358253736978548,C,First,woman,False,Cherbourg,yes,False,1
592,0,3,male,1.6808533789066689,0,0,-0.5113964075732208,S,Third,man,True,Southampton,no,True,0
593,0,3,female,0.07714170739642288,0,2,-0.5019111612771308,Q,Third,woman,False,Queenstown,no,False,2
594,0,2,male,0.7538996901905485,1,0,-0.15569967146984418,S,Second,man,True,Southampton,no,False,1
595,0,3,male,0.6612043213189363,1,1,-0.1907950827653774,S,Third,man,True,Southampton,no,False,2
596,1,2,female,0.07714170739642288,0,0,-0.02290622332458364,S,Second,woman,False,Southampton,yes,True,0
597,0,3,male,1.8662441166498933,0,0,-0.6489324788665265,S,Third,man,True,Southampton,no,True,0
599,1,1,male,1.8662441166498933,1,0,0.4310424880122122,C,First,man,True,Cherbourg,yes,False,1
600,1,2,female,-0.45114010514040814,2,1,-0.13672917887766414,S,Second,woman,False,Southampton,yes,False,3
602,0,1,male,0.07714170739642288,0,0,0.1554164070419092,S,First,man,True,Southampton,no,True,0
603,0,3,male,1.4027672722918332,0,0,-0.4962200134994767,S,Third,man,True,Southampton,no,True,0
604,1,1,male,0.5685089524473245,0,0,-0.14526590054414515,C,First,man,True,Cherbourg,yes,True,0
605,0,3,male,0.6612043213189363,1,0,-0.3539413190581261,S,Third,man,True,Southampton,no,False,1
606,0,3,male,0.10503210808926432,0,0,-0.4991452634571909,S,Third,man,True,Southampton,no,True,0
607,1,1,male,-0.1730539985255719,0,0,-0.07033245480503383,S,First,man,True,Southampton,yes,True,0
608,1,2,female,-0.6365308428836322,1,2,0.13984542672224784,C,Second,woman,False,Cherbourg,yes,False,3
609,1,1,female,1.0319857968053847,0,0,2.26232674056091,S,First,woman,False,Southampton,yes,True,0
610,0,3,female,0.9392904279337725,1,5,-0.05563032304609427,S,Third,woman,False,Southampton,no,False,6
611,0,3,male,0.07714170739642288,0,0,-0.5151905060916568,S,Third,man,True,Southampton,no,True,0
615,1,2,female,-0.45114010514040814,1,2,0.5841495396251792,S,Second,woman,False,Southampton,yes,False,3
616,0,3,male,0.47581358357571224,1,1,-0.3757573855391332,S,Third,man,True,Southampton,no,False,2
617,0,3,female,-0.2657493673971842,1,0,-0.343507548132427,S,Third,woman,False,Southampton,no,False,1
618,1,2,female,-2.305047482572649,2,1,0.090916732228497,S,Second,child,False,Southampton,yes,False,3
619,0,2,male,-0.2657493673971842,0,0,-0.44974230664863557,S,Second,man,True,Southampton,no,True,0
620,0,3,male,-0.1730539985255719,1,0,-0.374729184840637,C,Third,man,True,Cherbourg,no,False,1
621,1,1,male,1.2173765345486087,1,0,0.34804658292142426,S,First,man,True,Southampton,yes,False,1
622,1,3,male,-0.8219215806268564,1,1,-0.3503046756282052,C,Third,man,True,Cherbourg,yes,False,2
623,0,3,male,-0.7292262117552444,0,0,-0.49993443594902565,S,Third,man,True,Southampton,no,True,0
624,0,3,male,-0.7292262117552444,0,0,-0.343507548132427,S,Third,man,True,Southampton,no,True,0
627,1,1,female,-0.7292262117552444,0,0,0.8299748737824263,S,First,woman,False,Southampton,yes,True,0
628,0,3,male,-0.2657493673971842,0,0,-0.4991452634571909,S,Third,man,True,Southampton,no,True,0
629,0,3,male,0.07714170739642288,0,0,-0.5022279685034202,Q,Third,man,True,Queenstown,no,True,0
631,0,3,male,2.0516348543931175,0,0,-0.5151108300227697,S,Third,man,True,Southampton,no,True,0
632,1,1,male,0.2904228458324883,0,0,-0.07033245480503383,C,First,man,True,Cherbourg,yes,True,0
633,0,1,male,0.07714170739642288,0,0,-0.6489324788665265,S,First,man,True,Southampton,no,True,0
634,0,3,female,-1.841570638214589,3,2,-0.11965573554470205,S,Third,child,False,Southampton,no,False,5
637,0,2,male,0.19772747696087603,1,1,-0.15095704832179918,S,Second,man,True,Southampton,no,False,2
638,0,3,female,1.124681165676997,0,5,0.10395894588562071,S,Third,woman,False,Southampton,no,False,5
639,0,3,male,0.07714170739642288,1,0,-0.343507548132427,S,Third,man,True,Southampton,no,False,1
643,1,3,male,0.07714170739642288,0,0,0.42282067652276134,S,Third,man,True,Southampton,yes,True,0
645,1,1,male,1.7735487477782812,1,0,0.8066582413373778,C,First,man,True,Cherbourg,yes,False,1
648,0,3,male,0.07714170739642288,0,0,-0.5057052597955668,S,Third,man,True,Southampton,no,True,0
649,1,3,female,-0.5438354740120201,0,0,-0.5057052597955668,S,Third,woman,False,Southampton,yes,True,0
651,1,2,female,-1.0073123183700805,0,1,-0.21261114924638444,S,Second,woman,False,Southampton,yes,False,1
652,0,3,male,-0.7292262117552444,0,0,-0.48894862368889414,S,Third,man,True,Southampton,no,True,0
653,1,3,female,0.07714170739642288,0,0,-0.5004086982638302,Q,Third,woman,False,Queenstown,yes,True,0
654,0,3,female,-1.0073123183700805,0,0,-0.520881653869311,Q,Third,woman,False,Queenstown,no,True,0
655,0,2,male,-0.45114010514040814,2,0,0.7453987266587099,S,Second,man,True,Southampton,no,False,2
657,0,3,female,0.2904228458324883,1,1,-0.35488984368773513,Q,Third,woman,False,Queenstown,no,False,2
658,0,2,male,-0.5438354740120201,0,0,-0.40231607516818535,S,Second,man,True,Southampton,no,True,0
660,1,1,male,1.9589394855215052,2,0,1.886473856078342,S,First,man,True,Southampton,yes,False,2
661,0,3,male,1.0319857968053847,0,0,-0.5118706698880253,C,Third,man,True,Cherbourg,no,True,0
662,0,1,male,1.6808533789066689,0,0,-0.16352499966411851,S,First,man,True,Southampton,no,True,0
663,0,3,male,0.6612043213189363,0,0,-0.506733460494063,S,Third,man,True,Southampton,no,True,0
664,1,3,male,-0.8219215806268564,1,0,-0.49859132507349924,S,Third,man,True,Southampton,yes,False,1
665,0,2,male,0.2904228458324883,2,0,0.7453987266587099,S,Second,man,True,Southampton,no,False,2
667,0,3,male,0.07714170739642288,0,0,-0.5014368989623262,S,Third,man,True,Southampton,no,True,0
668,0,3,male,1.3100719034202208,0,0,-0.4962200134994767,S,Third,man,True,Southampton,no,True,0
669,1,1,female,0.07714170739642288,1,0,0.3375331359268381,S,First,woman,False,Southampton,yes,False,1
670,1,2,female,1.0319857968053847,1,1,0.090916732228497,S,Second,woman,False,Southampton,yes,False,2
671,0,1,male,0.19772747696087603,1,0,0.3375331359268381,S,First,man,True,Southampton,no,False,1
673,1,2,male,0.19772747696087603,0,0,-0.40231607516818535,S,Second,man,True,Southampton,yes,True,0
675,0,3,male,-1.0073123183700805,0,0,-0.5014368989623262,S,Third,man,True,Southampton,no,True,0
676,0,3,male,-0.40479242070460203,0,0,-0.4962200134994767,S,Third,man,True,Southampton,no,True,0
677,1,3,female,-1.0073123183700805,0,0,-0.46223058192206773,S,Third,woman,False,Southampton,yes,True,0
678,0,3,female,1.3100719034202208,1,6,0.24078362370671963,S,Third,woman,False,Southampton,no,False,7
679,1,1,male,0.6612043213189363,0,1,9.070204814491024,C,First,man,True,Cherbourg,yes,False,1
680,0,3,female,0.07714170739642288,0,0,-0.49456009539766105,Q,Third,woman,False,Queenstown,no,True,0
681,1,1,male,-0.1730539985255719,0,0,0.8066582413373778,C,First,man,True,Cherbourg,yes,True,0
682,0,3,male,-0.8219215806268564,0,0,-0.47392968470366514,S,Third,man,True,Southampton,no,True,0
683,0,3,male,-1.3780937938565285,5,2,0.24078362370671963,S,Third,child,False,Southampton,no,False,7
685,0,2,male,-0.35844473626879614,1,2,0.13984542672224784,C,Second,man,True,Cherbourg,no,False,3
686,0,3,male,-1.3780937938565285,4,1,0.10395894588562071,S,Third,child,False,Southampton,no,False,5
687,0,3,male,-0.9146169494984684,0,0,-0.45598739280998124,S,Third,man,True,Southampton,no,True,0
688,0,3,male,-1.0073123183700805,0,0,-0.5010423127164089,S,Third,man,True,Southampton,no,True,0
689,1,1,female,-1.2853984249849166,0,1,3.360243999333333,S,First,child,False,Southampton,yes,False,1
690,1,1,male,0.19772747696087603,1,0,0.4323855988877385,S,First,man,True,Southampton,yes,False,1
691,1,3,female,-2.305047482572649,0,1,-0.39441107090502386,C,Third,child,False,Cherbourg,yes,False,1
693,0,3,male,-0.35844473626879614,0,0,-0.5118706698880253,C,Third,man,True,Cherbourg,no,True,0
695,0,2,male,2.144330223264729,0,0,-0.3928308288720953,S,Second,man,True,Southampton,no,True,0
697,1,3,female,0.07714170739642288,0,0,-0.5022279685034202,Q,Third,woman,False,Queenstown,yes,True,0
698,0,1,male,1.8662441166498933,1,1,1.4545783423799559,C,First,man,True,Cherbourg,no,False,2
699,0,3,male,1.2173765345486087,0,0,-0.5038082105363487,S,Third,man,True,Southampton,no,True,0
700,1,1,female,-1.0073123183700805,1,0,3.667328848169248,C,First,woman,False,Cherbourg,yes,False,1
701,1,1,male,0.5685089524473245,0,0,-0.15024565484959237,S,First,man,True,Southampton,yes,True,0
702,0,3,female,-1.0073123183700805,0,1,-0.374729184840637,C,Third,woman,False,Cherbourg,no,False,1
703,0,3,male,-0.35844473626879614,0,0,-0.5020686163656459,Q,Third,man,True,Queenstown,no,True,0
704,0,3,male,-0.2657493673971842,1,0,-0.49993443594902565,S,Third,man,True,Southampton,no,False,1
705,0,2,male,0.9392904279337725,0,0,-0.15569967146984418,S,Second,man,True,Southampton,no,True,0
706,1,2,female,1.4954626411634449,0,0,-0.3928308288720953,S,Second,woman,False,Southampton,yes,True,0
707,1,1,male,1.2173765345486087,0,0,-0.15024565484959237,S,First,man,True,Southampton,yes,True,0
708,1,1,female,-0.6365308428836322,0,0,2.226045673478366,S,First,woman,False,Southampton,yes,True,0
710,1,1,female,-0.45114010514040814,0,0,0.2901865805152749,C,First,woman,False,Cherbourg,yes,True,0
711,0,1,male,0.07714170739642288,0,0,-0.14526590054414515,S,First,man,True,Southampton,no,True,0
712,1,1,male,1.7735487477782812,1,0,0.3375331359268381,S,First,man,True,Southampton,yes,False,1
713,0,3,male,0.01233673921765206,0,0,-0.469029606467105,S,Third,man,True,Southampton,no,True,0
714,0,2,male,2.144330223264729,0,0,-0.40231607516818535,S,Second,man,True,Southampton,no,True,0
715,0,3,male,-0.9146169494984684,0,0,-0.5038082105363487,S,Third,man,True,Southampton,no,True,0
716,1,1,female,0.8465950590621607,0,0,3.667328848169248,C,First,woman,False,Cherbourg,yes,True,0
717,1,2,female,-0.1730539985255719,0,0,-0.44974230664863557,S,Second,woman,False,Southampton,yes,True,0
718,0,3,male,0.07714170739642288,0,0,-0.35488984368773513,Q,Third,man,True,Queenstown,no,True,0
719,0,3,male,0.3831182147041005,0,0,-0.5014368989623262,S,Third,man,True,Southampton,no,True,0
720,1,2,female,-2.119656744829425,0,1,-0.02290622332458364,S,Second,child,False,Southampton,yes,False,1
721,0,3,male,-1.1000076872416926,1,0,-0.5151108300227697,S,Third,man,True,Southampton,no,False,1
722,0,2,male,0.47581358357571224,0,0,-0.40231607516818535,S,Second,man,True,Southampton,no,True,0
723,0,2,male,1.9589394855215052,0,0,-0.40231607516818535,S,Second,man,True,Southampton,no,True,0
724,1,1,male,-0.1730539985255719,1,0,0.35840067777823614,S,First,man,True,Southampton,yes,False,1
725,0,3,male,-0.8219215806268564,0,0,-0.4846005867867665,S,Third,man,True,Southampton,no,True,0
726,1,2,female,0.10503210808926432,3,0,-0.25055213443074464,S,Second,woman,False,Southampton,yes,False,3
727,1,3,female,0.07714170739642288,0,0,-0.5021482924345331,Q,Third,woman,False,Queenstown,yes,True,0
728,0,2,male,-0.35844473626879614,1,0,-0.15569967146984418,S,Second,man,True,Southampton,no,False,1
729,0,3,female,-0.35844473626879614,1,0,-0.49859132507349924,S,Third,woman,False,Southampton,no,False,1
730,1,1,female,0.01233673921765206,0,0,3.360243999333333,S,First,woman,False,Southampton,yes,True,0
731,0,3,male,-1.6561799004713649,0,0,-0.292524349290943,C,Third,child,False,Cherbourg,no,True,0
735,0,3,male,-0.0340109452181538,0,0,-0.343507548132427,S,Third,man,True,Southampton,no,True,0
736,0,3,female,1.7735487477782812,1,3,0.0031782039896640557,S,Third,woman,False,Southampton,no,False,4
737,1,1,male,0.5685089524473245,0,0,9.070204814491024,C,First,man,True,Cherbourg,yes,True,0
740,1,1,male,0.07714170739642288,0,0,-0.07981770110112382,S,First,man,True,Southampton,yes,True,0
741,0,1,male,0.6612043213189363,1,0,0.8468908620268731,S,First,man,True,Southampton,no,False,1
742,1,1,female,-0.7292262117552444,2,2,4.328450515006724,C,First,woman,False,Cherbourg,yes,False,4
743,0,3,male,-0.45114010514040814,1,0,-0.343507548132427,S,Third,man,True,Southampton,no,False,1
744,1,3,male,0.19772747696087603,0,0,-0.49859132507349924,S,Third,man,True,Southampton,yes,True,0
746,0,3,male,-1.1927030561133045,1,1,-0.2647800038748797,S,Third,man,True,Southampton,no,False,2
747,1,2,female,0.10503210808926432,0,0,-0.40231607516818535,S,Second,woman,False,Southampton,yes,True,0
748,0,1,male,-0.9146169494984684,1,0,0.35840067777823614,S,First,man,True,Southampton,no,False,1
749,0,3,male,0.19772747696087603,0,0,-0.5019111612771308,Q,Third,man,True,Queenstown,no,True,0
750,1,2,female,-2.305047482572649,1,1,-0.21261114924638444,S,Second,child,False,Southampton,yes,False,2
751,1,3,male,-2.119656744829425,0,1,-0.4122755837790799,S,Third,child,False,Southampton,yes,False,1
752,0,3,male,0.3831182147041005,0,0,-0.46871279924081566,S,Third,man,True,Southampton,no,True,0
753,0,3,male,-0.5438354740120201,0,0,-0.4991452634571909,S,Third,man,True,Southampton,no,True,0
754,1,2,female,1.7735487477782812,1,2,0.5841495396251792,S,Second,woman,False,Southampton,yes,False,3
756,0,3,male,-0.08035862965395967,0,0,-0.5010423127164089,S,Third,man,True,Southampton,no,True,0
759,1,1,female,0.3831182147041005,0,0,0.9920151303570511,S,First,woman,False,Southampton,yes,True,0
761,0,3,male,1.124681165676997,0,0,-0.5137677191472433,S,Third,man,True,Southampton,no,True,0
762,1,3,male,-0.8219215806268564,0,0,-0.5117909938191382,C,Third,man,True,Cherbourg,yes,True,0
763,1,1,female,0.6612043213189363,1,2,1.627526632195084,S,First,woman,False,Southampton,yes,False,3
764,0,3,male,-1.1927030561133045,0,0,-0.5014368989623262,S,Third,man,True,Southampton,no,True,0
765,1,1,female,2.0516348543931175,1,0,0.8299748737824263,S,First,woman,False,Southampton,yes,False,1
766,0,1,male,0.07714170739642288,0,0,0.10229902778380506,C,First,man,True,Cherbourg,no,True,0
767,0,3,female,0.15137979252507017,0,0,-0.5019111612771308,Q,Third,woman,False,Queenstown,no,True,0
768,0,3,male,0.07714170739642288,1,0,-0.1907950827653774,Q,Third,man,True,Queenstown,no,False,1
769,0,3,male,0.2904228458324883,0,0,-0.49029173456442043,S,Third,man,True,Southampton,no,True,0
770,0,3,male,-0.45114010514040814,0,0,-0.46871279924081566,S,Third,man,True,Southampton,no,True,0
771,0,3,male,1.7735487477782812,0,0,-0.49993443594902565,S,Third,man,True,Southampton,no,True,0
774,1,2,female,2.3297209610079537,1,3,-0.21261114924638444,S,Second,woman,False,Southampton,yes,False,4
775,0,3,male,-1.0073123183700805,0,0,-0.5019111612771308,S,Third,man,True,Southampton,no,True,0
777,1,3,female,-2.212352113701037,0,0,-0.4122755837790799,S,Third,child,False,Southampton,yes,True,0
778,0,3,male,0.07714170739642288,0,0,-0.5021482924345331,Q,Third,man,True,Queenstown,no,True,0
779,1,1,female,1.3100719034202208,0,1,3.360243999333333,S,First,woman,False,Southampton,yes,False,1
780,1,3,female,-1.4707891627281409,0,0,-0.5117909938191382,C,Third,child,False,Cherbourg,yes,True,0
781,1,1,female,-1.1000076872416926,1,0,0.4323855988877385,S,First,woman,False,Southampton,yes,False,1
782,0,1,male,0.01233673921765206,0,0,-0.07981770110112382,S,First,man,True,Southampton,no,True,0
783,0,3,male,0.07714170739642288,1,2,-0.2040744275799034,S,Third,man,True,Southampton,no,False,3
784,0,3,male,-0.35844473626879614,0,0,-0.5151905060916568,S,Third,man,True,Southampton,no,True,0
785,0,3,male,-0.35844473626879614,0,0,-0.5113964075732208,S,Third,man,True,Southampton,no,True,0
786,1,3,female,-1.0073123183700805,0,0,-0.506733460494063,S,Third,woman,False,Southampton,yes,True,0
787,0,3,male,-1.934266007086201,4,1,-0.0964168821192814,Q,Third,child,False,Queenstown,no,False,5
789,0,1,male,1.5881580100350572,0,0,0.8535305344341365,C,First,man,True,Cherbourg,no,True,0
791,0,2,male,-1.1927030561133045,0,0,-0.15569967146984418,S,Second,man,True,Southampton,no,True,0
793,0,1,male,0.07714170739642288,0,0,-0.06661803235548497,C,First,man,True,Cherbourg,no,True,0
794,0,3,male,-0.35844473626879614,0,0,-0.4991452634571909,S,Third,man,True,Southampton,no,True,0
795,0,2,male,0.9392904279337725,0,0,-0.40231607516818535,S,Second,man,True,Southampton,no,True,0
796,1,1,female,1.8662441166498933,0,0,-0.1570427823453705,S,First,woman,False,Southampton,yes,True,0
797,1,3,female,0.19772747696087603,0,0,-0.4842060005408491,S,Third,woman,False,Southampton,yes,True,0
798,0,3,male,0.10503210808926432,0,0,-0.5117909938191382,C,Third,man,True,Cherbourg,no,True,0
799,0,3,female,0.10503210808926432,1,1,-0.1907950827653774,S,Third,woman,False,Southampton,no,False,2
801,1,2,female,0.19772747696087603,1,1,-0.15095704832179918,S,Second,woman,False,Southampton,yes,False,2
802,1,1,male,-1.6561799004713649,1,2,1.627526632195084,S,First,child,False,Southampton,yes,False,3
804,1,3,male,-0.1730539985255719,0,0,-0.5166132930360704,S,Third,man,True,Southampton,yes,True,0
805,0,3,male,0.19772747696087603,0,0,-0.5014368989623262,S,Third,man,True,Southampton,no,True,0
806,0,1,male,0.9392904279337725,0,0,-0.6489324788665265,S,First,man,True,Southampton,no,True,0
807,0,3,female,-1.0073123183700805,0,0,-0.5014368989623262,S,Third,woman,False,Southampton,no,True,0
809,1,1,female,0.3831182147041005,1,0,0.35840067777823614,S,First,woman,False,Southampton,yes,False,1
810,0,3,male,-0.2657493673971842,0,0,-0.49930271854570596,S,Third,man,True,Southampton,no,True,0
811,0,3,male,0.9392904279337725,0,0,-0.1907950827653774,S,Third,man,True,Southampton,no,True,0
812,0,2,male,0.5685089524473245,0,0,-0.44974230664863557,S,Second,man,True,Southampton,no,True,0
813,0,3,female,-2.119656744829425,4,2,-0.05563032304609427,S,Third,child,False,Southampton,no,False,6
814,0,3,male,0.15137979252507017,0,0,-0.4962200134994767,S,Third,man,True,Southampton,no,True,0
816,0,3,female,-0.5438354740120201,0,0,-0.49859132507349924,S,Third,woman,False,Southampton,no,True,0
817,0,2,male,0.19772747696087603,1,1,0.0530554231130238,C,Second,man,True,Cherbourg,no,False,2
818,0,3,male,1.3100719034202208,0,0,-0.5265728016469648,S,Third,man,True,Southampton,no,True,0
819,0,3,male,-1.7488752693429768,3,2,-0.11965573554470205,S,Third,child,False,Southampton,no,False,5
820,1,1,female,2.144330223264729,1,1,1.1248085785023116,S,First,woman,False,Southampton,yes,False,2
821,1,3,male,-0.1730539985255719,0,0,-0.4846005867867665,S,Third,man,True,Southampton,yes,True,0
822,0,1,male,0.8465950590621607,0,0,-0.6489324788665265,S,First,man,True,Southampton,no,True,0
823,1,3,female,-0.1730539985255719,0,1,-0.4122755837790799,S,Third,woman,False,Southampton,yes,False,1
825,0,3,male,0.07714170739642288,0,0,-0.5170875553508749,Q,Third,man,True,Queenstown,no,True,0
826,0,3,male,0.07714170739642288,0,0,0.42282067652276134,S,Third,man,True,Southampton,no,True,0
828,1,3,male,0.07714170739642288,0,0,-0.5019111612771308,Q,Third,man,True,Queenstown,yes,True,0
830,1,3,female,-1.2853984249849166,1,0,-0.374729184840637,C,Third,child,False,Cherbourg,yes,False,1
833,0,3,male,-0.5438354740120201,0,0,-0.49993443594902565,S,Third,man,True,Southampton,no,True,0
834,0,3,male,-1.0073123183700805,0,0,-0.49147739035143173,S,Third,man,True,Southampton,no,True,0
835,1,1,female,0.9392904279337725,1,1,0.9286214352617628,C,First,woman,False,Cherbourg,yes,False,2
836,0,3,male,-0.7292262117552444,0,0,-0.4846005867867665,S,Third,man,True,Southampton,no,True,0
839,1,1,male,0.07714170739642288,0,0,-0.08550884887877792,C,First,man,True,Cherbourg,yes,True,0
840,0,3,male,-0.8219215806268564,0,0,-0.49859132507349924,S,Third,man,True,Southampton,no,True,0
841,0,2,male,-1.1927030561133045,0,0,-0.44974230664863557,S,Second,man,True,Southampton,no,True,0
842,1,1,female,0.10503210808926432,0,0,-0.06084720850894378,C,First,woman,False,Cherbourg,yes,True,0
843,0,3,male,0.5221612680115186,0,0,-0.5268099328043672,C,Third,man,True,Cherbourg,no,True,0
845,0,3,male,1.2173765345486087,0,0,-0.5057052597955668,S,Third,man,True,Southampton,no,True,0
847,0,3,male,0.5685089524473245,0,0,-0.4991452634571909,C,Third,man,True,Cherbourg,no,True,0
848,0,2,male,-0.08035862965395967,0,1,-0.02290622332458364,S,Second,man,True,Southampton,no,False,1
849,1,1,female,0.07714170739642288,1,0,1.0414180871656065,C,First,woman,False,Cherbourg,yes,False,1
850,0,3,male,-2.305047482572649,4,2,-0.05563032304609427,S,Third,child,False,Southampton,no,False,6
852,0,3,female,-1.841570638214589,1,1,-0.3597121429046673,C,Third,child,False,Cherbourg,no,False,2
853,1,1,female,-1.1927030561133045,0,1,0.0985049292653689,S,First,woman,False,Southampton,yes,False,1
854,0,2,female,1.4027672722918332,1,0,-0.15569967146984418,S,Second,woman,False,Southampton,no,False,1
855,1,3,female,-1.0073123183700805,0,1,-0.4715583731296426,S,Third,woman,False,Southampton,yes,False,1
856,1,1,female,1.4954626411634449,1,1,2.4786700321806507,S,First,woman,False,Southampton,yes,False,2
857,1,1,male,2.0516348543931175,0,0,-0.14526590054414515,S,First,man,True,Southampton,yes,True,0
858,1,3,female,-0.45114010514040814,0,3,-0.28359304137854474,C,Third,woman,False,Cherbourg,yes,False,3
860,0,3,male,1.124681165676997,2,0,-0.3812910782282722,S,Third,man,True,Southampton,no,False,2
861,0,2,male,-0.7292262117552444,1,0,-0.4307718140564554,S,Second,man,True,Southampton,no,False,1
862,1,1,female,1.7735487477782812,0,0,-0.1570427823453705,S,First,woman,False,Southampton,yes,True,0
864,0,2,male,-0.45114010514040814,0,0,-0.40231607516818535,S,Second,man,True,Southampton,no,True,0
865,1,2,female,1.2173765345486087,0,0,-0.40231607516818535,S,Second,woman,False,Southampton,yes,True,0
866,1,2,female,-0.1730539985255719,1,0,-0.38603370137631715,C,Second,woman,False,Cherbourg,yes,False,1
867,0,1,male,0.19772747696087603,0,0,0.30899772096968087,S,First,man,True,Southampton,no,True,0
868,0,3,male,0.07714170739642288,0,0,-0.46871279924081566,S,Third,man,True,Southampton,no,True,0
869,1,3,male,-2.305047482572649,1,1,-0.4377282936900079,S,Third,child,False,Southampton,yes,False,2
871,1,1,female,1.6808533789066689,1,1,0.34804658292142426,S,First,woman,False,Southampton,yes,False,2
872,0,1,male,0.3831182147041005,0,0,-0.554080015905626,S,First,man,True,Southampton,no,True,0
873,0,3,male,1.6808533789066689,0,0,-0.47819804553690565,S,Third,man,True,Southampton,no,True,0
874,1,2,female,-0.08035862965395967,1,0,-0.19364065665420438,C,Second,woman,False,Cherbourg,yes,False,1
875,1,3,female,-1.2853984249849166,0,0,-0.5118706698880253,C,Third,child,False,Cherbourg,yes,True,0
876,0,3,male,-0.8219215806268564,0,0,-0.46215280290243976,S,Third,man,True,Southampton,no,True,0
880,1,2,female,-0.35844473626879614,0,1,-0.15569967146984418,S,Second,woman,False,Southampton,yes,False,1
881,0,3,male,0.3831182147041005,0,0,-0.4991452634571909,S,Third,man,True,Southampton,no,True,0
882,0,3,female,-0.6365308428836322,0,0,-0.4494254994223461,S,Third,woman,False,Southampton,no,True,0
883,0,2,male,-0.08035862965395967,0,0,-0.44974230664863557,S,Second,man,True,Southampton,no,True,0
885,0,3,female,0.9392904279337725,0,5,-0.0964168821192814,Q,Third,woman,False,Queenstown,no,False,5
887,1,1,female,-0.9146169494984684,0,0,-0.07981770110112382,S,First,woman,False,Southampton,yes,True,0
888,0,3,female,0.07714170739642288,1,2,-0.2040744275799034,S,Third,woman,False,Southampton,no,False,3
889,1,1,male,-0.2657493673971842,0,0,-0.07981770110112382,C,First,man,True,Cherbourg,yes,True,0
890,0,3,male,0.2904228458324883,0,0,-0.5019111612771308,Q,Third,man,True,Queenstown,no,True,0
